Titel,Datum,URL,URL_PDF,Overheidslaag,Overheidsnaam,Zoekterm
"Provincie Gelderland – Omgevingswet Natura 2000-activiteit, locatie Hoge Valksedijk 31 te Lunteren",30-10-2025,https://zoek.officielebekendmakingen.nl/prb-2025-17892.html,https://zoek.officielebekendmakingen.nl/prb-2025-17892.pdf,,Gelderland,
"Provincie Gelderland – Omgevingswet Natura 2000-activiteit, locatie Arlersteeg 2 te Putten",30-10-2025,https://zoek.officielebekendmakingen.nl/prb-2025-17909.html,https://zoek.officielebekendmakingen.nl/prb-2025-17909.pdf,,Gelderland,
"Kennisgeving ontvangst aanvraag omgevingsvergunning voor een Natura 2000-activiteit–Schrapveen 2, 7925 PH Linde–(gedeeltelijke) intrekking vergunning",30-10-2025,https://zoek.officielebekendmakingen.nl/prb-2025-17861.html,https://zoek.officielebekendmakingen.nl/prb-2025-17861.pdf,,Drenthe,
"Provincie Gelderland – Omgevingswet Natura 2000-activiteit, locatie Lichtenvoordsestraatweg 69 te Aalten",24-10-2025,https://zoek.officielebekendmakingen.nl/prb-2025-17550.html,https://zoek.officielebekendmakingen.nl/prb-2025-17550.pdf,,Gelderland,
"Provincie Gelderland Omgevingswet Natura 2000-activiteit, locatie Kerkweg 8 te Vorchten",24-10-2025,https://zoek.officielebekendmakingen.nl/prb-2025-17542.html,https://zoek.officielebekendmakingen.nl/prb-2025-17542.pdf,,Gelderland,
"Provincie Gelderland – Omgevingswet Natura 2000-activiteit, locatie Vogelenzangsestraat 3 te Driel",23-10-2025,https://zoek.officielebekendmakingen.nl/prb-2025-17440.html,https://zoek.officielebekendmakingen.nl/prb-2025-17440.pdf,,Gelderland,
"Provincie Gelderland – Omgevingswet Natura 2000-activiteit, locatie Bosheurneweg 8 te Barchem",23-10-2025,https://zoek.officielebekendmakingen.nl/prb-2025-17436.html,https://zoek.officielebekendmakingen.nl/prb-2025-17436.pdf,,Gelderland,
"Provincie Gelderland Omgevingswet Natura 2000-activiteit, locatie Horselerweg 5 te Kootwijkerbroek",23-10-2025,https://zoek.officielebekendmakingen.nl/prb-2025-17443.html,https://zoek.officielebekendmakingen.nl/prb-2025-17443.pdf,,Gelderland,
"Kennisgeving ontvangst aanvraag omgevingsvergunning voor een Natura 2000-activiteit –Karrenstroeten 1, 9482 VZ Tynaarlo–(gedeeltelijke) intrekking vergunning",23-10-2025,https://zoek.officielebekendmakingen.nl/prb-2025-17467.html,https://zoek.officielebekendmakingen.nl/prb-2025-17467.pdf,,Drenthe,
"Kennisgeving ontvangst aanvraag omgevingsvergunning voor een Natura 2000-activiteit – Evert Hendriksweg 36, 9422 TB Smilde–(gedeeltelijke) intrekking vergunning",23-10-2025,https://zoek.officielebekendmakingen.nl/prb-2025-17475.html,https://zoek.officielebekendmakingen.nl/prb-2025-17475.pdf,,Drenthe,
"Provincie Gelderland Omgevingswet Natura 2000-activiteit, locatie Karnemelkweg 5 te Wehl",17-10-2025,https://zoek.officielebekendmakingen.nl/prb-2025-17091.html,https://zoek.officielebekendmakingen.nl/prb-2025-17091.pdf,,Gelderland,
"Kennisgeving ontvangst aanvraag omgevingsvergunning voor een Natura 2000-activiteit –Wolddijk 12, 7961 NB Ruinerwold–(gedeeltelijke) intrekking vergunning",17-10-2025,https://zoek.officielebekendmakingen.nl/prb-2025-17088.html,https://zoek.officielebekendmakingen.nl/prb-2025-17088.pdf,,Drenthe,
"Kennisgeving ontvangst aanvraag omgevingsvergunning voor een Natura 2000-activiteit – Hoogeveenseweg 12, 9435 TC Bruntinge–(gedeeltelijke) intrekking vergunning",17-10-2025,https://zoek.officielebekendmakingen.nl/prb-2025-17089.html,https://zoek.officielebekendmakingen.nl/prb-2025-17089.pdf,,Drenthe,
"Provincie Gelderland – Omgevingswet Natura 2000-activiteit, locatie Fliertseweg 24-26 te Lunteren",16-10-2025,https://zoek.officielebekendmakingen.nl/prb-2025-17046.html,https://zoek.officielebekendmakingen.nl/prb-2025-17046.pdf,,Gelderland,
"Provincie Gelderland – Omgevingswet Natura 2000-activiteit, locatie Veldhuizen 28 te Loenen",15-10-2025,https://zoek.officielebekendmakingen.nl/prb-2025-16917.html,https://zoek.officielebekendmakingen.nl/prb-2025-16917.pdf,,Gelderland,
"Provincie Gelderland Omgevingswet Natura 2000-activiteit, locatie Ravenweg 15 te Stroe",15-10-2025,https://zoek.officielebekendmakingen.nl/prb-2025-16933.html,https://zoek.officielebekendmakingen.nl/prb-2025-16933.pdf,,Gelderland,
"Provincie Gelderland – Omgevingswet Natura 2000-activiteit, locatie Önninkweg 4 te Winterswijk Ratum",09-10-2025,https://zoek.officielebekendmakingen.nl/prb-2025-16601.html,https://zoek.officielebekendmakingen.nl/prb-2025-16601.pdf,,Gelderland,
"Provincie Gelderland – Omgevingswet Natura 2000-activiteit, locatie Oenerweg 2 te Heerde",08-10-2025,https://zoek.officielebekendmakingen.nl/prb-2025-16537.html,https://zoek.officielebekendmakingen.nl/prb-2025-16537.pdf,,Gelderland,
"Provincie Gelderland Omgevingswet  Natura 2000-activiteit, locatie Vredenseweg 174 te Winterswijk-Huppel",03-10-2025,https://zoek.officielebekendmakingen.nl/prb-2025-16236.html,https://zoek.officielebekendmakingen.nl/prb-2025-16236.pdf,,Gelderland,
"Provincie Gelderland Omgevingswet  Natura 2000-activiteit, locatie Bunschoterweg 35a te Nijkerk",03-10-2025,https://zoek.officielebekendmakingen.nl/prb-2025-16273.html,https://zoek.officielebekendmakingen.nl/prb-2025-16273.pdf,,Gelderland,
"Provincie Gelderland – Omgevingswet Natura 2000-activiteit, locatie Seinsdijk 1,1a en 3 te Aalten",02-10-2025,https://zoek.officielebekendmakingen.nl/prb-2025-16151.html,https://zoek.officielebekendmakingen.nl/prb-2025-16151.pdf,,Gelderland,
"Provincie Gelderland – Omgevingswet Natura 2000-activiteit, locatie Dunenkamperweg 1 te Stroe",02-10-2025,https://zoek.officielebekendmakingen.nl/prb-2025-16225.html,https://zoek.officielebekendmakingen.nl/prb-2025-16225.pdf,,Gelderland,
"Provincie Gelderland Omgevingswet Natura 2000-activiteit, locatie Bockhorstweg 8 te Spankeren",02-10-2025,https://zoek.officielebekendmakingen.nl/prb-2025-16180.html,https://zoek.officielebekendmakingen.nl/prb-2025-16180.pdf,,Gelderland,
"Provincie Gelderland – Omgevingswet Natura 2000-activiteit, locatie Steenkampweg 4 en Winterswijkseweg 59 te Vragender",01-10-2025,https://zoek.officielebekendmakingen.nl/prb-2025-16126.html,https://zoek.officielebekendmakingen.nl/prb-2025-16126.pdf,,Gelderland,
"Provincie Gelderland Omgevingswet Natura 2000-activiteit, locatie Polleveenseweg 11 te Voorthuizen",01-10-2025,https://zoek.officielebekendmakingen.nl/prb-2025-16078.html,https://zoek.officielebekendmakingen.nl/prb-2025-16078.pdf,,Gelderland,
"Provincie Gelderland Omgevingswet Natura 2000-activiteit, locatie Boterhoeksestraat 11 te Heteren",01-10-2025,https://zoek.officielebekendmakingen.nl/prb-2025-16080.html,https://zoek.officielebekendmakingen.nl/prb-2025-16080.pdf,,Gelderland,
"Provincie Gelderland – Omgevingswet Natura 2000-activiteit, locatie Koekamperweg 18 te Putten",30-09-2025,https://zoek.officielebekendmakingen.nl/prb-2025-15968.html,https://zoek.officielebekendmakingen.nl/prb-2025-15968.pdf,,Gelderland,
"Provincie Gelderland – Omgevingswet Natura 2000-activiteit, locatie Waterweg 48 te Nunspeet",29-09-2025,https://zoek.officielebekendmakingen.nl/prb-2025-15893.html,https://zoek.officielebekendmakingen.nl/prb-2025-15893.pdf,,Gelderland,
"Provincie Gelderland Omgevingswet  Natura 2000-activiteit, locatie  Weverstraat 7 te Kekerdom",26-09-2025,https://zoek.officielebekendmakingen.nl/prb-2025-15771.html,https://zoek.officielebekendmakingen.nl/prb-2025-15771.pdf,,Gelderland,
"Provincie Gelderland – Omgevingswet Natura 2000-activiteit, locatie Kootwijkerbroekerweg 82a te Kootwijkerbroek",25-09-2025,https://zoek.officielebekendmakingen.nl/prb-2025-15737.html,https://zoek.officielebekendmakingen.nl/prb-2025-15737.pdf,,Gelderland,
"Provincie Gelderland Omgevingswet Natura 2000-activiteit, locatie Veerweg naar Westervoort 29 te Arnhem",25-09-2025,https://zoek.officielebekendmakingen.nl/prb-2025-15741.html,https://zoek.officielebekendmakingen.nl/prb-2025-15741.pdf,,Gelderland,
"Provincie Gelderland Omgevingswet Natura 2000-activiteit, locatie Laarweg 32 te Harskamp",25-09-2025,https://zoek.officielebekendmakingen.nl/prb-2025-15692.html,https://zoek.officielebekendmakingen.nl/prb-2025-15692.pdf,,Gelderland,
"Provincie Gelderland Omgevingswet  Natura 2000-activiteit, locatie Kootwijkerdijk 9-1 te Kootwijkerbroek",25-09-2025,https://zoek.officielebekendmakingen.nl/prb-2025-15719.html,https://zoek.officielebekendmakingen.nl/prb-2025-15719.pdf,,Gelderland,
"Provincie Gelderland Omgevingswet  Natura 2000-activiteit, locatie Garderenseweg 184 te Ermelo",25-09-2025,https://zoek.officielebekendmakingen.nl/prb-2025-15703.html,https://zoek.officielebekendmakingen.nl/prb-2025-15703.pdf,,Gelderland,
"Provincie Gelderland Omgevingswet  Natura 2000-activiteit, locatie  Pieriksestraat 2 te Angerlo",25-09-2025,https://zoek.officielebekendmakingen.nl/prb-2025-15682.html,https://zoek.officielebekendmakingen.nl/prb-2025-15682.pdf,,Gelderland,
"Kennisgeving ontvangst aanvraag omgevingsvergunning voor een Natura 2000-activiteit – Drijberseweg 32, 9418 TL Wijster–(gedeeltelijke) intrekking vergunning",25-09-2025,https://zoek.officielebekendmakingen.nl/prb-2025-15746.html,https://zoek.officielebekendmakingen.nl/prb-2025-15746.pdf,,Drenthe,
"Provincie Gelderland – Omgevingswet Natura 2000-activiteit, locatie Schoenlapperweg 2a te Nijkerk",19-09-2025,https://zoek.officielebekendmakingen.nl/prb-2025-15372.html,https://zoek.officielebekendmakingen.nl/prb-2025-15372.pdf,,Gelderland,
"Provincie Gelderland Omgevingswet Natura 2000-activiteit, locatie Molenweg 117 te Voorthuizen",19-09-2025,https://zoek.officielebekendmakingen.nl/prb-2025-15325.html,https://zoek.officielebekendmakingen.nl/prb-2025-15325.pdf,,Gelderland,
"Kennisgeving ontvangst aanvraag omgevingsvergunning voor een Natura 2000-activiteit – Oranjekanaal NZ 4, 9433 TD Zwiggelte–(gedeeltelijke) intrekking vergunning",19-09-2025,https://zoek.officielebekendmakingen.nl/prb-2025-15330.html,https://zoek.officielebekendmakingen.nl/prb-2025-15330.pdf,,Drenthe,
"Provincie Gelderland Omgevingswet  Natura 2000-activiteit, locatie Werftweg 1 te Wekerom",17-09-2025,https://zoek.officielebekendmakingen.nl/prb-2025-15190.html,https://zoek.officielebekendmakingen.nl/prb-2025-15190.pdf,,Gelderland,
"Provincie Gelderland Omgevingswet  Natura 2000-activiteit, locatie Malenveld 10 te Stroe",17-09-2025,https://zoek.officielebekendmakingen.nl/prb-2025-15197.html,https://zoek.officielebekendmakingen.nl/prb-2025-15197.pdf,,Gelderland,
"Provincie Gelderland Omgevingswet  Natura 2000-activiteit, locatie Kneuterstraat 38 te Wilp",17-09-2025,https://zoek.officielebekendmakingen.nl/prb-2025-15161.html,https://zoek.officielebekendmakingen.nl/prb-2025-15161.pdf,,Gelderland,
"Provincie Gelderland – Omgevingswet Natura 2000-activiteit, locatie Arlersteeg 2 te Putten",10-09-2025,https://zoek.officielebekendmakingen.nl/prb-2025-14799.html,https://zoek.officielebekendmakingen.nl/prb-2025-14799.pdf,,Gelderland,
"Provincie Gelderland Omgevingswet  Natura 2000-activiteit, locatie Eekstraat 5 te Steenderen",10-09-2025,https://zoek.officielebekendmakingen.nl/prb-2025-14796.html,https://zoek.officielebekendmakingen.nl/prb-2025-14796.pdf,,Gelderland,
"Provincie Gelderland Omgevingswet Natura 2000-activiteit, locatie Garderenseweg 301 te Ermelo",09-09-2025,https://zoek.officielebekendmakingen.nl/prb-2025-14662.html,https://zoek.officielebekendmakingen.nl/prb-2025-14662.pdf,,Gelderland,
"Kennisgeving ontvangst aanvraag omgevingsvergunning voor een Natura 2000-activiteit – Werkhorstlaan 3, 8385 GJ Vledderveen–(gedeeltelijke) intrekking vergunning",05-09-2025,https://zoek.officielebekendmakingen.nl/prb-2025-14515.html,https://zoek.officielebekendmakingen.nl/prb-2025-14515.pdf,,Drenthe,
"Provincie Gelderland – Omgevingswet Natura 2000-activiteit, locatie Lichtenvoordsestraatweg 69 te Aalten",04-09-2025,https://zoek.officielebekendmakingen.nl/prb-2025-14426.html,https://zoek.officielebekendmakingen.nl/prb-2025-14426.pdf,,Gelderland,
"Provincie Gelderland Omgevingswet  Natura 2000-activiteit, locatie Horselerweg 5 te Kootwijkerbroek",04-09-2025,https://zoek.officielebekendmakingen.nl/prb-2025-14435.html,https://zoek.officielebekendmakingen.nl/prb-2025-14435.pdf,,Gelderland,
"Kennisgeving ontvangst aanvraag omgevingsvergunning voor een Natura 2000-activiteit – Van Helomaweg 4, 8351 HT Wapserveen –(gedeeltelijke) intrekking vergunning",01-09-2025,https://zoek.officielebekendmakingen.nl/prb-2025-14232.html,https://zoek.officielebekendmakingen.nl/prb-2025-14232.pdf,,Drenthe,
"Kennisgeving ontvangst aanvraag omgevingsvergunning voor een Natura 2000-activiteit – Polderweg 1, 8383 XS Nijensleek –(gedeeltelijke) intrekking vergunning",01-09-2025,https://zoek.officielebekendmakingen.nl/prb-2025-14231.html,https://zoek.officielebekendmakingen.nl/prb-2025-14231.pdf,,Drenthe,
"Provincie Gelderland – Omgevingswet Natura 2000-activiteit, locatie Dwarsgraafweg 3-01 te Kootwijkerbroek",29-08-2025,https://zoek.officielebekendmakingen.nl/prb-2025-14161.html,https://zoek.officielebekendmakingen.nl/prb-2025-14161.pdf,,Gelderland,
"Provincie Gelderland – Omgevingswet Natura 2000-activiteit, locatie Goorsteeg 6 te Putten",28-08-2025,https://zoek.officielebekendmakingen.nl/prb-2025-14091.html,https://zoek.officielebekendmakingen.nl/prb-2025-14091.pdf,,Gelderland,
Kennisgeving ontvangst aanvraag omgevingsvergunning voor een Natura 2000-activiteit - De Steegde 8 in Spier –(gedeeltelijke) intrekking vergunning,28-08-2025,https://zoek.officielebekendmakingen.nl/prb-2025-14085.html,https://zoek.officielebekendmakingen.nl/prb-2025-14085.pdf,,Drenthe,
"Provincie Gelderland – Omgevingswet Natura 2000-activiteit, locatie Elsbosweg 73 te Klarenbeek",27-08-2025,https://zoek.officielebekendmakingen.nl/prb-2025-13950.html,https://zoek.officielebekendmakingen.nl/prb-2025-13950.pdf,,Gelderland,
"Provincie Gelderland – Omgevingswet Natura 2000-activiteit, locatie Önninkweg 4 te Winterswijk Ratum",22-08-2025,https://zoek.officielebekendmakingen.nl/prb-2025-13754.html,https://zoek.officielebekendmakingen.nl/prb-2025-13754.pdf,,Gelderland,
"Provincie Gelderland Wet natuurbescherming, locatie Wapenvelder Kerkweg 24b",22-08-2025,https://zoek.officielebekendmakingen.nl/prb-2025-13751.html,https://zoek.officielebekendmakingen.nl/prb-2025-13751.pdf,,Gelderland,
"Provincie Gelderland Wet natuurbescherming, locatie Koekamperweg 16 te Putten",22-08-2025,https://zoek.officielebekendmakingen.nl/prb-2025-13766.html,https://zoek.officielebekendmakingen.nl/prb-2025-13766.pdf,,Gelderland,
"Provincie Gelderland Omgevingswet Natura 2000-activiteit, locatie Ravenweg 15, 15a en Stroeërweg 52a te Stroe",22-08-2025,https://zoek.officielebekendmakingen.nl/prb-2025-13753.html,https://zoek.officielebekendmakingen.nl/prb-2025-13753.pdf,,Gelderland,
"Provincie Gelderland – Omgevingswet Natura 2000-activiteit, locatie Westenengseweg 10a te Harskamp",21-08-2025,https://zoek.officielebekendmakingen.nl/prb-2025-13655.html,https://zoek.officielebekendmakingen.nl/prb-2025-13655.pdf,,Gelderland,
"Provincie Gelderland Omgevingswet Natura 2000-activiteit, locatie Tonnenberg 8 te Ermelo",21-08-2025,https://zoek.officielebekendmakingen.nl/prb-2025-13681.html,https://zoek.officielebekendmakingen.nl/prb-2025-13681.pdf,,Gelderland,
"Terinzagelegging besluit intrekken Omgevingswet voor een Natura 2000-activiteit – Beilerweg 6, 9418 TE Wijster",20-08-2025,https://zoek.officielebekendmakingen.nl/prb-2025-13624.html,https://zoek.officielebekendmakingen.nl/prb-2025-13624.pdf,,Drenthe,
"Provincie Gelderland – Omgevingswet Natura 2000-activiteit, locatie Oenerweg 2 te Heerde",15-08-2025,https://zoek.officielebekendmakingen.nl/prb-2025-13367.html,https://zoek.officielebekendmakingen.nl/prb-2025-13367.pdf,,Gelderland,
"Provincie Gelderland – Omgevingswet Natura 2000-activiteit, locatie Dunenkamperweg 1 te Stroe",14-08-2025,https://zoek.officielebekendmakingen.nl/prb-2025-13251.html,https://zoek.officielebekendmakingen.nl/prb-2025-13251.pdf,,Gelderland,
"Provincie Gelderland – Omgevingswet Natura 2000-activiteit, locatie Ruitenbeekweg 4 te Lunteren",12-08-2025,https://zoek.officielebekendmakingen.nl/prb-2025-13201.html,https://zoek.officielebekendmakingen.nl/prb-2025-13201.pdf,,Gelderland,
"Provincie Gelderland – Omgevingswet Natura 2000-activiteit, locatie Koekamperweg 18 te Putten",12-08-2025,https://zoek.officielebekendmakingen.nl/prb-2025-13158.html,https://zoek.officielebekendmakingen.nl/prb-2025-13158.pdf,,Gelderland,
"Provincie Gelderland – Omgevingswet Natura 2000-activiteit, locatie Beulekampersteeg 16 te Putten",12-08-2025,https://zoek.officielebekendmakingen.nl/prb-2025-13196.html,https://zoek.officielebekendmakingen.nl/prb-2025-13196.pdf,,Gelderland,
"Provincie Gelderland  Omgevingswet Natura 2000-activiteit, locatie Hooiland 76 te Klarenbeek",12-08-2025,https://zoek.officielebekendmakingen.nl/prb-2025-13199.html,https://zoek.officielebekendmakingen.nl/prb-2025-13199.pdf,,Gelderland,
"Provincie Gelderland – Omgevingswet Natura 2000-activiteit, locatie Kootwijkerbroekerweg 82a te Kootwijkerbroek",11-08-2025,https://zoek.officielebekendmakingen.nl/prb-2025-13092.html,https://zoek.officielebekendmakingen.nl/prb-2025-13092.pdf,,Gelderland,
"Provincie Gelderland Omgevingswet Natura 2000-activiteit, locatie Pieriksestraat 2 te Angerlo",11-08-2025,https://zoek.officielebekendmakingen.nl/prb-2025-13145.html,https://zoek.officielebekendmakingen.nl/prb-2025-13145.pdf,,Gelderland,
"Provincie Gelderland – Omgevingswet Natura 2000-activiteit, locatie Nijkerkerweg 65 te Ermelo",08-08-2025,https://zoek.officielebekendmakingen.nl/prb-2025-12997.html,https://zoek.officielebekendmakingen.nl/prb-2025-12997.pdf,,Gelderland,
"Provincie Gelderland Omgevingswet Natura 2000-activiteit, locatie Kootwijkerdijk 9-1 te Kootwijkerbroek",08-08-2025,https://zoek.officielebekendmakingen.nl/prb-2025-12979.html,https://zoek.officielebekendmakingen.nl/prb-2025-12979.pdf,,Gelderland,
"Provincie Gelderland – Omgevingswet Natura 2000-activiteit, locatie Brouwersbosweg 18 te Hierden",07-08-2025,https://zoek.officielebekendmakingen.nl/prb-2025-12950.html,https://zoek.officielebekendmakingen.nl/prb-2025-12950.pdf,,Gelderland,
"Provincie Gelderland Omgevingswet Natura 2000-activiteit, locatie Veerweg naar Westervoort 29 te Arnhem",07-08-2025,https://zoek.officielebekendmakingen.nl/prb-2025-12942.html,https://zoek.officielebekendmakingen.nl/prb-2025-12942.pdf,,Gelderland,
"Provincie Gelderland Omgevingswet Natura 2000-activiteit, locatie Schoenlapperweg 9 te Nijkerk",07-08-2025,https://zoek.officielebekendmakingen.nl/prb-2025-12908.html,https://zoek.officielebekendmakingen.nl/prb-2025-12908.pdf,,Gelderland,
"Provincie Gelderland Omgevingswet Natura 2000-activiteit, locatie Laarweg 32 te Harskamp",07-08-2025,https://zoek.officielebekendmakingen.nl/prb-2025-12909.html,https://zoek.officielebekendmakingen.nl/prb-2025-12909.pdf,,Gelderland,
"Provincie Gelderland Omgevingswet Natura 2000-activiteit, locatie Harderwijkerweg 78 te Uddel",07-08-2025,https://zoek.officielebekendmakingen.nl/prb-2025-12926.html,https://zoek.officielebekendmakingen.nl/prb-2025-12926.pdf,,Gelderland,
"Provincie Gelderland Omgevingswet Natura 2000-activiteit, locatie Garderenseweg 184 te Ermelo",07-08-2025,https://zoek.officielebekendmakingen.nl/prb-2025-12954.html,https://zoek.officielebekendmakingen.nl/prb-2025-12954.pdf,,Gelderland,
"Provincie Gelderland Omgevingswet Natura 2000-activiteit, locatie Breihutterweg 6 te Kootwijkerbroek",07-08-2025,https://zoek.officielebekendmakingen.nl/prb-2025-12910.html,https://zoek.officielebekendmakingen.nl/prb-2025-12910.pdf,,Gelderland,
"Provincie Gelderland Wet natuurbescherming, locatie Malenveld 8-10 te Stroe",04-08-2025,https://zoek.officielebekendmakingen.nl/prb-2025-12743.html,https://zoek.officielebekendmakingen.nl/prb-2025-12743.pdf,,Gelderland,
"Provincie Gelderland Omgevingsweg Natura 2000-activiteit, locatie Werftweg 1 te Wekerom",04-08-2025,https://zoek.officielebekendmakingen.nl/prb-2025-12708.html,https://zoek.officielebekendmakingen.nl/prb-2025-12708.pdf,,Gelderland,
"Kennisgeving ontvangst aanvraag omgevingsvergunning voor een Natura 2000-activiteit – Polderweg1, 8383 XS Nijensleek–(gedeeltelijke) intrekking vergunning",01-08-2025,https://zoek.officielebekendmakingen.nl/prb-2025-12593.html,https://zoek.officielebekendmakingen.nl/prb-2025-12593.pdf,,Drenthe,
"Kennisgeving ontvangst aanvraag omgevingsvergunning voor een Natura 2000-activiteit – Van Helomaweg 2A, 8351 HT Wapserveen–(gedeeltelijke) intrekking vergunning",31-07-2025,https://zoek.officielebekendmakingen.nl/prb-2025-12566.html,https://zoek.officielebekendmakingen.nl/prb-2025-12566.pdf,,Drenthe,
"Provincie Gelderland – Omgevingswet Natura 2000-activiteit, locatie Zonnenbergstraat 53 te Wilp",30-07-2025,https://zoek.officielebekendmakingen.nl/prb-2025-12498.html,https://zoek.officielebekendmakingen.nl/prb-2025-12498.pdf,,Gelderland,
"Provincie Gelderland Omgevingswet Natura 2000-activiteit, locatie Bosweg 2 te Aalten",30-07-2025,https://zoek.officielebekendmakingen.nl/prb-2025-12470.html,https://zoek.officielebekendmakingen.nl/prb-2025-12470.pdf,,Gelderland,
"Provincie Gelderland Omgevingswet Natura 2000-activiteit, locatie Weideweg 23 te Elspeet",28-07-2025,https://zoek.officielebekendmakingen.nl/prb-2025-12349.html,https://zoek.officielebekendmakingen.nl/prb-2025-12349.pdf,,Gelderland,
"Provincie Gelderland Omgevingswet Natura 2000-activiteit, locatie Eekstraat 5 te Steenderen",24-07-2025,https://zoek.officielebekendmakingen.nl/prb-2025-12083.html,https://zoek.officielebekendmakingen.nl/prb-2025-12083.pdf,,Gelderland,
"Provincie Gelderland Omgevingswet Natura 2000-activiteit, locatie Dijkgraaf 3a te Bennekom",24-07-2025,https://zoek.officielebekendmakingen.nl/prb-2025-12178.html,https://zoek.officielebekendmakingen.nl/prb-2025-12178.pdf,,Gelderland,
"Provincie Gelderland Omgevingswet Natura 2000-activiteit, locatie Brouwersbosweg 22 te Hierden",24-07-2025,https://zoek.officielebekendmakingen.nl/prb-2025-12176.html,https://zoek.officielebekendmakingen.nl/prb-2025-12176.pdf,,Gelderland,
Kennisgeving ontvangst aanvraag omgevingsvergunning voor een Natura 2000-activiteit - Eursinge 4 Eursinge –(gedeeltelijke) intrekking vergunning,23-07-2025,https://zoek.officielebekendmakingen.nl/prb-2025-12017.html,https://zoek.officielebekendmakingen.nl/prb-2025-12017.pdf,,Drenthe,
"Provincie Gelderland Omgevingswet Natura 2000-activiteit, locatie Koekamperweg 19-21 te Putten",22-07-2025,https://zoek.officielebekendmakingen.nl/prb-2025-11949.html,https://zoek.officielebekendmakingen.nl/prb-2025-11949.pdf,,Gelderland,
"Provincie Gelderland Omgevingswet Natura 2000-activiteit, locatie Kerkweg 8 te Vorchten",21-07-2025,https://zoek.officielebekendmakingen.nl/prb-2025-11906.html,https://zoek.officielebekendmakingen.nl/prb-2025-11906.pdf,,Gelderland,
"Provincie Gelderland Omgevingswet Natura 2000-activiteit, locatie Goorsteeg 14-16 te Putten",21-07-2025,https://zoek.officielebekendmakingen.nl/prb-2025-11923.html,https://zoek.officielebekendmakingen.nl/prb-2025-11923.pdf,,Gelderland,
"Provincie Gelderland Omgevingswet Natura 2000-activiteit, locatie Roosendaalseweg 117 te Putten",17-07-2025,https://zoek.officielebekendmakingen.nl/prb-2025-11737.html,https://zoek.officielebekendmakingen.nl/prb-2025-11737.pdf,,Gelderland,
"Provincie Gelderland Wet natuurbescherming, locatie Oude Nijkerkerweg 19 te Putten",15-07-2025,https://zoek.officielebekendmakingen.nl/prb-2025-11577.html,https://zoek.officielebekendmakingen.nl/prb-2025-11577.pdf,,Gelderland,
"Provincie Gelderland Omgevingswet Natura 2000-activiteit, locatie Oudedijk 15 te Uddel",10-07-2025,https://zoek.officielebekendmakingen.nl/prb-2025-11272.html,https://zoek.officielebekendmakingen.nl/prb-2025-11272.pdf,,Gelderland,
"Provincie Gelderland – Omgevingswet Natura 2000-activiteit, locatie Dwarsgraafweg 3-01 te Kootwijkerbroek",04-07-2025,https://zoek.officielebekendmakingen.nl/prb-2025-10843.html,https://zoek.officielebekendmakingen.nl/prb-2025-10843.pdf,,Gelderland,
"Provincie Gelderland – Omgevingswet Natura 2000-activiteit, locatie Goorsteeg 6 te Putten",03-07-2025,https://zoek.officielebekendmakingen.nl/prb-2025-10790.html,https://zoek.officielebekendmakingen.nl/prb-2025-10790.pdf,,Gelderland,
"Kennisgeving ontvangst aanvraag omgevingsvergunning voor een Natura 2000-activiteit - Elperstraat 9, 9443 TL Schoonloo –(gedeeltelijke) intrekking vergunning",03-07-2025,https://zoek.officielebekendmakingen.nl/prb-2025-10815.html,https://zoek.officielebekendmakingen.nl/prb-2025-10815.pdf,,Drenthe,
"Provincie Gelderland – Omgevingswet Natura 2000-activiteit, locatie Elsbosweg 73 te Klarenbeek",30-06-2025,https://zoek.officielebekendmakingen.nl/prb-2025-10510.html,https://zoek.officielebekendmakingen.nl/prb-2025-10510.pdf,,Gelderland,
"Provincie Gelderland – Omgevingswet Natura 2000-activiteit, locatie Meulunterseweg 87 te Lunteren",26-06-2025,https://zoek.officielebekendmakingen.nl/prb-2025-10336.html,https://zoek.officielebekendmakingen.nl/prb-2025-10336.pdf,,Gelderland,
"Provincie Gelderland Wet natuurbescherming, locatie Koekamperweg 16 te Putten",26-06-2025,https://zoek.officielebekendmakingen.nl/prb-2025-10295.html,https://zoek.officielebekendmakingen.nl/prb-2025-10295.pdf,,Gelderland,
"Provincie Gelderland Omgevingswet Natura 2000-activiteit, locatie Ruitenbeekweg 63 te Lunteren",26-06-2025,https://zoek.officielebekendmakingen.nl/prb-2025-10369.html,https://zoek.officielebekendmakingen.nl/prb-2025-10369.pdf,,Gelderland,
"Provincie Gelderland Omgevingswet Natura 2000-activiteit, locatie Tonnenberg 8 te Ermelo",24-06-2025,https://zoek.officielebekendmakingen.nl/prb-2025-10189.html,https://zoek.officielebekendmakingen.nl/prb-2025-10189.pdf,,Gelderland,
Kennisgeving ontvangst aanvraag omgevingsvergunning voor een Natura 2000-activiteit – Zuiderdiep 328 in Tweede Exloërmond –(gedeeltelijke) intrekking vergunning,20-06-2025,https://zoek.officielebekendmakingen.nl/prb-2025-10085.html,https://zoek.officielebekendmakingen.nl/prb-2025-10085.pdf,,Drenthe,
Kennisgeving ontvangst aanvraag omgevingsvergunning voor een Natura 2000-activiteit – Ruinerweg 58 in Koekange –(gedeeltelijke) intrekking vergunning,20-06-2025,https://zoek.officielebekendmakingen.nl/prb-2025-10092.html,https://zoek.officielebekendmakingen.nl/prb-2025-10092.pdf,,Drenthe,
Kennisgeving ontvangst aanvraag omgevingsvergunning voor een Natura 2000-activiteit – Heuringsweg 4 in Wapse –(gedeeltelijke) intrekking vergunning,20-06-2025,https://zoek.officielebekendmakingen.nl/prb-2025-10082.html,https://zoek.officielebekendmakingen.nl/prb-2025-10082.pdf,,Drenthe,
Kennisgeving ontvangst aanvraag omgevingsvergunning voor een Natura 2000-activiteit – Buitenvaart 4001 in Hoogeveen –(gedeeltelijke) intrekking vergunning,20-06-2025,https://zoek.officielebekendmakingen.nl/prb-2025-10081.html,https://zoek.officielebekendmakingen.nl/prb-2025-10081.pdf,,Drenthe,
Kennisgeving ontvangst aanvraag omgevingsvergunning voor een Natura 2000-activiteit - Norgerweg 13 Veenhuizen –gedeeltelijke intrekking vergunning,19-06-2025,https://zoek.officielebekendmakingen.nl/prb-2025-9981.html,https://zoek.officielebekendmakingen.nl/prb-2025-9981.pdf,,Drenthe,
"Provincie Gelderland – Omgevingswet Natura 2000-activiteit, locatie Nijkerkerweg 65 te Ermelo",12-06-2025,https://zoek.officielebekendmakingen.nl/prb-2025-9492.html,https://zoek.officielebekendmakingen.nl/prb-2025-9492.pdf,,Gelderland,
"Kennisgeving ontvangst verzoek tot intrekking van omgevingsvergunning Natura 2000-activiteit – Eursinge 4a, 7935 AB Eursinge",11-06-2025,https://zoek.officielebekendmakingen.nl/prb-2025-9463.html,https://zoek.officielebekendmakingen.nl/prb-2025-9463.pdf,,Drenthe,
"Kennisgeving ontvangst aanvraag omgevingsvergunning voor een Natura 2000-activiteit – Ruinerwoldseweg 2, 7975 PD Uffelte –gedeeltelijke intrekking vergunning",10-06-2025,https://zoek.officielebekendmakingen.nl/prb-2025-9364.html,https://zoek.officielebekendmakingen.nl/prb-2025-9364.pdf,,Drenthe,
"Kennisgeving ontvangst aanvraag omgevingsvergunning voor een Natura 2000-activiteit – Kolderveense Bovenboer 37, 7948 LT Nijeveen –gedeeltelijke intrekking vergunning",10-06-2025,https://zoek.officielebekendmakingen.nl/prb-2025-9302.html,https://zoek.officielebekendmakingen.nl/prb-2025-9302.pdf,,Drenthe,
"Kennisgeving ontvangst aanvraag omgevingsvergunning voor een Natura 2000-activiteit – Gasselterboerveenschemond 18, 9515 PN Gasselternijveenschemond –gedeeltelijke intrekking vergunning",10-06-2025,https://zoek.officielebekendmakingen.nl/prb-2025-9306.html,https://zoek.officielebekendmakingen.nl/prb-2025-9306.pdf,,Drenthe,
"Kennisgeving ontvangst aanvraag omgevingsvergunning voor een Natura 2000-activiteit – Drijberseweg 32, 9418 TL Wijster–gedeeltelijke intrekking vergunning",10-06-2025,https://zoek.officielebekendmakingen.nl/prb-2025-9367.html,https://zoek.officielebekendmakingen.nl/prb-2025-9367.pdf,,Drenthe,
"Provincie Gelderland Omgevingswet Natura 2000-activiteit, locatie Breihutterweg 6 te Kootwijkerbroek",06-06-2025,https://zoek.officielebekendmakingen.nl/prb-2025-9212.html,https://zoek.officielebekendmakingen.nl/prb-2025-9212.pdf,,Gelderland,
"Provincie Gelderland Omgevingswet Natura 2000-activiteit, locatie Schoenlapperweg 9 te Nijkerk",05-06-2025,https://zoek.officielebekendmakingen.nl/prb-2025-9168.html,https://zoek.officielebekendmakingen.nl/prb-2025-9168.pdf,,Gelderland,
"Provincie Gelderland Omgevingswet Natura 2000-activiteit, locatie Harderwijkerweg 78 te Uddel",05-06-2025,https://zoek.officielebekendmakingen.nl/prb-2025-9156.html,https://zoek.officielebekendmakingen.nl/prb-2025-9156.pdf,,Gelderland,
"Provincie Gelderland – Omgevingswet Natura 2000-activiteit, locatie Ruitenbeekweg 4 te Lunteren",02-06-2025,https://zoek.officielebekendmakingen.nl/prb-2025-8834.html,https://zoek.officielebekendmakingen.nl/prb-2025-8834.pdf,,Gelderland,
"Provincie Gelderland – Omgevingswet Natura 2000-activiteit, locatie Holthoevensestraat 3 te Wilp",02-06-2025,https://zoek.officielebekendmakingen.nl/prb-2025-8841.html,https://zoek.officielebekendmakingen.nl/prb-2025-8841.pdf,,Gelderland,
"VERBETERD EXEMPLAAR  Provincie Gelderland – Omgevingswet Natura 2000-activiteit, locatie Brouwersbosweg 22 te Hierden",30-05-2025,https://zoek.officielebekendmakingen.nl/prb-2025-8729.html,https://zoek.officielebekendmakingen.nl/prb-2025-8729.pdf,,Gelderland,
"Provincie Gelderland Omgevingswet Natura 2000-activiteit, locatie Dijkgraaf 3a te Bennekom",30-05-2025,https://zoek.officielebekendmakingen.nl/prb-2025-8719.html,https://zoek.officielebekendmakingen.nl/prb-2025-8719.pdf,,Gelderland,
"Provincie Gelderland Omgevingswet Natura 2000-activiteit, locatie Koekamperweg 19-21 te Putten",23-05-2025,https://zoek.officielebekendmakingen.nl/prb-2025-8376.html,https://zoek.officielebekendmakingen.nl/prb-2025-8376.pdf,,Gelderland,
"Provincie Gelderland Omgevingswet Natura 2000-activiteit, locatie Weideweg 23 te Elspeet",22-05-2025,https://zoek.officielebekendmakingen.nl/prb-2025-8295.html,https://zoek.officielebekendmakingen.nl/prb-2025-8295.pdf,,Gelderland,
"Provincie Gelderland Omgevingswet Natura 2000-activiteit, locatie Goorsteeg 16 te Putten",20-05-2025,https://zoek.officielebekendmakingen.nl/prb-2025-8094.html,https://zoek.officielebekendmakingen.nl/prb-2025-8094.pdf,,Gelderland,
"Provincie Gelderland – Omgevingswet Natura 2000-activiteit, locatie Zonnenbergstraat 53 te Wilp",16-05-2025,https://zoek.officielebekendmakingen.nl/prb-2025-7923.html,https://zoek.officielebekendmakingen.nl/prb-2025-7923.pdf,,Gelderland,
"Provincie Gelderland – Omgevingswet Natura 2000-activiteit, locatie Beulekampersteeg 16 te Putten",16-05-2025,https://zoek.officielebekendmakingen.nl/prb-2025-7978.html,https://zoek.officielebekendmakingen.nl/prb-2025-7978.pdf,,Gelderland,
"Provincie Gelderland Omgevingswet Natura 2000-activiteit, locatie Roosendaalseweg 117 te Putten",15-05-2025,https://zoek.officielebekendmakingen.nl/prb-2025-7873.html,https://zoek.officielebekendmakingen.nl/prb-2025-7873.pdf,,Gelderland,
"Provincie Gelderland Omgevingswet Natura 2000-activiteit, locatie Oudedijk 15 te Uddel",12-05-2025,https://zoek.officielebekendmakingen.nl/prb-2025-7614.html,https://zoek.officielebekendmakingen.nl/prb-2025-7614.pdf,,Gelderland,
"Provincie Gelderland – Omgevingswet Natura 2000-activiteit, locatie Veldhuizerweg 14 te Lunteren",09-05-2025,https://zoek.officielebekendmakingen.nl/prb-2025-7497.html,https://zoek.officielebekendmakingen.nl/prb-2025-7497.pdf,,Gelderland,
"Provincie Gelderland – Omgevingswet Natura 2000-activiteit, locatie Brouwersbosweg 22 te Hierden",09-05-2025,https://zoek.officielebekendmakingen.nl/prb-2025-7461.html,https://zoek.officielebekendmakingen.nl/prb-2025-7461.pdf,,Gelderland,
"Provincie Gelderland – Omgevingswet Natura 2000-activiteit, locatie Brouwersbosweg 18 te Hierden",09-05-2025,https://zoek.officielebekendmakingen.nl/prb-2025-7510.html,https://zoek.officielebekendmakingen.nl/prb-2025-7510.pdf,,Gelderland,
"Provincie Gelderland Wet natuurbescherming, locatie Ruitenbeekweg 63 te Lunteren",06-05-2025,https://zoek.officielebekendmakingen.nl/prb-2025-7282.html,https://zoek.officielebekendmakingen.nl/prb-2025-7282.pdf,,Gelderland,
"Provincie Gelderland – Omgevingswet Natura 2000-activiteit, locatie Meulunterseweg 87 te Lunteren",01-05-2025,https://zoek.officielebekendmakingen.nl/prb-2025-7066.html,https://zoek.officielebekendmakingen.nl/prb-2025-7066.pdf,,Gelderland,
"Provincie Gelderland – Omgevingswet Natura 2000-activiteit, locatie Holthoevensestraat 3 te Wilp",11-04-2025,https://zoek.officielebekendmakingen.nl/prb-2025-5942.html,https://zoek.officielebekendmakingen.nl/prb-2025-5942.pdf,,Gelderland,
Regels Subsidieverlening Gelderland 2023,19-11-2024,https://zoek.officielebekendmakingen.nl/prb-2024-17648.html,https://zoek.officielebekendmakingen.nl/prb-2024-17648.pdf,,Gelderland,
"Terinzagelegging ontwerpbesluit Wet natuurbescherming voor het onderdeel gebiedsbescherming – intrekken vergunning – Beilerweg 6, 9418 TE Wijster",30-07-2024,https://zoek.officielebekendmakingen.nl/prb-2024-11471.html,https://zoek.officielebekendmakingen.nl/prb-2024-11471.pdf,,Drenthe,
